<?xml version="1.0" encoding="UTF-8"?>
<project-private xmlns="http://www.netbeans.org/ns/project-private/1">
    <editor-bookmarks xmlns="http://www.netbeans.org/ns/editor-bookmarks/2" lastBookmarkId="0"/>
    <open-files xmlns="http://www.netbeans.org/ns/projectui-open-files/2">
        <group>
            <file>file://infhomes2.einet.brad.ac.uk/qmahmoo9/Documents/NetBeansProjects/MFA/web/index.html</file>
            <file>file://infhomes2.einet.brad.ac.uk/qmahmoo9/Documents/NetBeansProjects/MFA/src/java/hibernate.cfg.xml</file>
        </group>
    </open-files>
</project-private>
